{"cameraMode":{"drawMode":0,"name":"Shaded","section":"Shading Mode"},"sceneLighting":true,"audioPlay":false,"sceneViewState":{"m_AlwaysRefresh":false,"showFog":true,"showSkybox":true,"showFlares":true,"showImageEffects":true,"showParticleSystems":true,"showVisualEffectGraphs":true,"m_FxEnabled":true},"in2DMode":false,"pivot":{"x":1.0686464309692383,"y":1.2166160345077515,"z":-0.5138713717460632},"rotation":{"x":-0.13550128042697907,"y":0.7606475353240967,"z":-0.16834479570388795,"w":-0.6122125387191773},"size":0.7909131646156311,"orthographic":false}