{"cameraMode":{"drawMode":0,"name":"Shaded","section":"Shading Mode"},"sceneLighting":true,"audioPlay":false,"sceneViewState":{"m_AlwaysRefresh":false,"showFog":true,"showSkybox":true,"showFlares":true,"showImageEffects":true,"showParticleSystems":true,"showVisualEffectGraphs":true,"m_FxEnabled":true},"in2DMode":false,"pivot":{"x":423.20220947265627,"y":-160.50665283203126,"z":1211.7664794921875},"rotation":{"x":-0.06243929639458656,"y":-0.16155433654785157,"z":0.010226428508758545,"w":-0.9848739504814148},"size":718.1503295898438,"orthographic":false}